,NAME,WEBSITE,INDUSTRY,PHONE
0,3M MALAYSIA SDN BHD,https://www.3m.com.my/3M/en_MY/company-my/,Consultancy/BusinessSvcs,60378842888
1,A.M.E. CONSTRUCTION SDN BHD,www.ameconstruction.com.my,Construction/Engineering,073555111
2,A.SCHULMAN THERMOPLASTIC COMPOUNDS SDN BHD,www.aschulman.com/company/locations,Non-MetallicManufactures,075999189
3,AAK MALAYSIA SDN BHD,www.aak.com,Food/Beverages,0327108493
4,AALBORG PORTLAND MALAYSIA SDN BHD,www.aalborgportland.com.my,Non-MetallicManufactures,053218988
5,ACE PRIMA RESOURCES SDN BHD,www.aceprimaresources.com,Chemicals/Minerals,03749677200123271286
6,ACQUEMINI SDN BHD,www.acquemini.com,ICT/Communications,0321816885
7,ADECCO PERSONNEL SDN BHD – JOHOR,www.adecco.com.my,Consultancy/BusinessSvcs,072275818
8,ADEQRICHE ENTERPRISE,,Electrical/Electronics,0136106641
9,ADVENT MS TAX CONSULTANTS SDN BHD,www.moorestephens.com.my,Accountancy/Financial,0377281800
10,ADVENTIST HOSPITAL & CLINIC SERVICES (M),www.pah.com.my,Pharmaceutical/Medical,042227289042227200
11,ADVERT WRITER,http://advertwriter.com,Others(Unspecified),0198831326
12,AEROPOD SDN BHD,www.spsetia.com / www.aeropod.com.my,Consultancy/BusinessSvcs,088218255
13,AFFIN BANK BERHAD,www.affinbank.com.my,Banking/Insurance,0320559000
14,AFFIN HWANG ASSET MANAGEMENT BERHAD,www.affinhwang.com,Banking/Insurance,1800887080
15,AGENSI PEKERJAAN SWASLINK SDN BHD,,Consultancy/BusinessSvcs,0387391233
16,AGILITY LOGISTICS SDN BHD,www.agilitylogistics.com,Port/Logistics,0378418888
17,AGRI CEK SDN BHD,,Agriculture/Plantations,089712868
18,AHMAD ABDULLAH & GOH,www.aag.my,Accountancy/Financial,072241117
19,AIA BHD,www.aia.com.my,Banking/Insurance,0320562993
20,AIRFREIGHT FORWARDERS ASSOCIATION OF MALAYSIA,www.afam.org.my,Others(Unspecified),0322842000
21,AJINOMOTO (MALAYSIA) BERHAD,www.ajinomoto.com.my,Food/Beverages,0379806958
22,AKZO NOBEL PAINTS (MALAYSIA) SDN BHD,www.akzonobel.com,Chemicals/Minerals,0379477500
23,ALCOM NIKKEI SPECIALTY COATINGS SDN BHD,www.alcom.com.my,Metal Manufactures,033346620303334663560333422234
24,ALILA HOTEL BANGSAR,https://www.alilahotels.com/bangsar,Hotels/Tourism,0322683888
25,ALLNEX MALAYSIA SDN BHD,www.allnex.com,Chemicals/Minerals,066763333066763138
26,ALLNEX RESINS MALAYSIA SDN BHD,www.allnex.com,Chemicals/Minerals,063516888
27,ALLTANK SOLUTIONS SDN BHD,www.alltanksolutions.com.my,Metal Manufactures,0351619152
28,ALRASHID DEVELOPMENT GROUP SDN BHD,www.rdsn-kw.com,Property/RealEstate,0323890788
29,ALTHEA SERVICES,http://althea.com.my,Consultancy/BusinessSvcs,0322733415
30,ALTRAPAC SDN BHD,www.altrapac.com,Non-MetallicManufactures,043566355043564055
31,ALUMINIUM COMPANY OF MALAYSIA BERHAD,www.alcom.com.my,Metal Manufactures,033346620303334662620333412311
32,AMARI JOHOR BAHRU,www.amari.com,Hotels/Tourism,072668888
33,AMBU SDN BHD,www.ambu.com,Pharmaceutical/Medical,042529000042529100
34,AMEE PHILIPS SDN BHD,www.ameephilips.com,Retail/Wholesale,042295755
35,AMEE PHILIPS SDN BHD – KUALA LUMPUR,www.ameephilips.com,Retail/Wholesale,03217989770321611833
36,AMETEK ENGINEERED MATERIALS SDN BHD,www.coininginc.com,Electrical/Electronics,046433062
37,AMINVESTMENT BANK BERHAD – JOHOR,,Banking/Insurance,073348766073343699
38,ANALISA RESOURCES (M) SDN BHD,,Machinery/Equipment,0355696217
39,ANCOM BERHAD,www.ancom.com.my,Chemicals/Minerals,0374955007
40,ANGKATAN HEBAT TRADING SDN BHD,,Banking/Insurance,088384663
41,ANSELL INDUSTRIAL & SPECIALTY GLOVES MALAYSIA SDN BHD,,Rubber/WoodProducts,044891973
42,ANT SYNERGY SDN BHD,,Port/Logistics,072383830
43,ANTAH SCHINDLER SDN BHD,www.jardineschindler.com,Construction/Engineering,0377251818
44,AON INSURANCE BROKERS (MALAYSIA) SDN BHD,www.aon.com.my,Banking/Insurance,0327737000
45,APEX SEMINARS SDN BHD,www.apexservices.com.my,Education/Training,
46,AQINA HOLDINGS SDN BHD,www.aqina.com,Agriculture/Plantations,076993344
47,ARGENTINA,,Embassy,0321441451
48,ARGUS SECURE TECH SDN BHD,,Trading(Import/Export),0377330773
49,ASB MANAGEMENT SDN BHD,www.asb.edu.my,Education/Training,0391794110
50,ASIAN ASSET GROUP SDN BHD,www.aagkl.com,Food/Beverages,0379601399
51,ASIAN STRATEGY & LEADERSHIP INSTITUTE,www.asli.com.my,Consultancy/BusinessSvcs,03209357280320935393
52,ASIAN SUPPLY BASE SDN BHD,http://www.asiansupplybase.com/web/,Oil/Gas/Petrochemicals,087411611
53,ASIL GROUP GIDA SANYI DIS TIC STL SDN BHD,,Trading(Import/Export),0321613430
54,ASPEN VISION DEVELOPMENT SDN BHD,www.aspen.com.my,Property/RealEstate,042275000
55,ASSOCIATED PAN MALAYSIA CEMENT SDN BHD,www.lafarge.com.my,Non-MetallicManufactures,052011202
56,ASSOCIATION OF ACCREDITED ADVERTISING AGENTS MALAYSIA,www.aaaa.org.my,Media/Advertising,0376608535
57,ASTRATA (MALAYSIA) SDN BHD,www.astratagroup.com,Electrical/Electronics,0320342088
58,ASTURI METAL BUILDERS (M) SDN BHD,www.ambmsb.com.my,Metal Manufactures,095833888
59,AUSTRALIA,www.malaysia.embassy.gov.au,Embassy,0321465793
60,AUSTRIA,https://www.bmeia.gv.at/en/embassy/kuala-lumpur.html,Embassy,0320322830
61,AXCELASIA TAXAND SDN BHD,www.taxand.com.my,Consultancy/BusinessSvcs,0320322799
62,AXIS REIT MANAGERS BERHAD,www.axis-reit.com.my,Property/RealEstate,0379584882
63,"AZMAN, DAVIDSON & CO.",www.azmandavidson.com.my,Legal,0321640200
64,B BRAUN MEDICAL INDUSTRIES SDN BHD,www.bbraun.com.my,Pharmaceutical/Medical,046324557046323358
65,BANGKOK BANK BERHAD,www.bangkokbank.com,Banking/Insurance,0321746888
66,BANGLADESH,www.bangladesh-highcomkl.com,Embassy,0321487940
67,BANKERS CLUB,www.bankersclub.com.my,Food/Beverages,0321424166
68,BAR FORMULA SDN BHD,www.barformula.com,Agriculture/Plantations,0379318160
69,BARKATH CO-RO MANUFACTURING SDN BHD,www.barkath-coro.com,Food/Beverages,043326332
70,BASF (MALAYSIA) SDN BHD,www.basf.com,Chemicals/Minerals,0356283888
71,BASF PETRONAS CHEMICALS SDN BHD,www.basf-petronas.com.my,Chemicals/Minerals,0378412280
72,BEKAERT IPOH SDN BHD,www.bekaert.com,Metal Manufactures,055264242
73,BELGIUM,http://malaysia.diplomatie.belgium.be/en,Embassy,0321620025
74,BEND WELD ENGINEERING SDN BHD,www.bendweld.com,Oil/Gas/Petrochemicals,076996889
75,BERJAYA CORPORATION BERHAD,www.berjaya.com.my,Consultancy/BusinessSvcs,0321491999
76,BERRY MUCH HOLDING SDN BHD,,Trading(Import/Export),088312323
77,BERTAM PROPERTIES SDN BHD,www.bertam.com.my,Property/RealEstate,045782012
78,BETC SKILLS ACADEMY SDN BHD,www.betc.com.my,Education/Training,073391365
79,BEYOND CORPORATE GROUP SDN BHD,www.beyondcorporatehouse.com,Consultancy/BusinessSvcs,032078999089943335
80,BEYONICS TECHNOLOGY (SENAI) SDN BHD,www.beyonics.com,Electrical/Electronics,075901001
81,BIG BOB TRADING (M) SDN BHD,www.bigbobtrading.com,Trading(Import/Export),0327856917
82,BIOCON SDN BHD,www.biocon.com,Pharmaceutical/Medical,075600000
83,BJS OFFSHORE SDN BHD,https://www.bjsoffshore.com,Oil/Gas/Petrochemicals,0321628688
84,BOH PLANTATIONS SDN BHD,www.boh.com.my,Agriculture/Plantations,0321646555
85,BONANZA VENTURE HOLDINGS SDN BHD,,Consultancy/BusinessSvcs,052421333
86,BORNEO HOUSING MORTGAGE FINANCE BERHAD,www.borneohousing.com.my,Banking/Insurance,088238830
87,BORNEO NATURE TOURS SDN BHD,www.borneonaturetours.com,Hotels/Tourism,08826763
88,BOUSTEAD HOLDINGS BERHAD,www.boustead.com.my,Agriculture/Plantations,0321419044
89,BP PETRONAS ACETYLS SDN BHD,www.bp.com,Chemicals/Minerals,098305300
90,BRANDÍS SUNTORY (M) SDN BHD,www.brandsworld.com,Food/Beverages,0378448686
91,BRAZIL,http://kualalumpur.itamaraty.gov.br/en-us/,Embassy,0321711420
92,BRITAIN,www.ukinmalaysia.fco.gov.uk,Embassy,0321702200
93,BRITISH AMERICAN TOBACCO (MALAYSIA) BERHAD,www.batmalaysia.com,Non-MetallicManufactures,0327208188
94,BROMMA (MALAYSIA) SDN BHD,www.bromma.com,Machinery/Equipment,052938890
95,BRUNEI,,Embassy,0321612800
96,BUKIT JAMBUL HOTEL DEVELOPMENT SDN BHD,penang.equatorial.com,Hotels/Tourism,046327000
97,BUMIBEKAL SDN BHD,,Metal Manufactures,053669884
98,BUSINESS LEGION SDN BHD,,Property/RealEstate,
99,"C H WILLIAMS, TALHAR & WONG SDN BHD",www.wtw.com.my,Property/RealEstate,072243388
100,"C H WILLIAMS, TALHAR & WONG SDN BHD – KUALA LUMPUR",www.cbre-wtw.com.my,Property/RealEstate,0326168888
101,"C H WILLIAMS, TALHAR & WONG SDN BHD – PENANG",www.cbre-wtw.com.my,Property/RealEstate,042633377
102,C. MELCHERS GMBH & CO.,www.melchers.com.my,Machinery/Equipment,0379555566
103,C. MELCHERS GMBH & CO. – JOHOR,www.melchers.com.my,Machinery/Equipment,0379555566
104,CAMBODIA,,Embassy,0342571150
105,CAMFIL MALAYSIA SDN BHD,www.camfil.com,Machinery/Equipment,053668888
106,CAMPBELL CHEONG CHAN (M) SDN BHD,,Food/Beverages,0377876288
107,CANADA,http://www.canadainternational.gc.ca/malaysia-malaisie/index.aspx?lang=eng,Embassy,0327183333
108,CAPE EMS BERHAD,www.toyoplas.com,Electrical/Electronics,075546736
109,CAPE MANUFACTURING (M) SDN BHD,www.cape.my,Metal Manufactures,073310108073310798
110,CARL RONNOW (MALAYSIA) SDN BHD,www.carlronnow.com.my,Rubber/WoodProducts,088483800
111,CARLSBERG BREWERY MALAYSIA BERHAD,www.carlsbergmalaysia.com.my,Food/Beverages,0355226688
112,CARRIER INTERNATIONAL SDN BHD,,Machinery/Equipment,0389258001
113,CASA UNIQUE TRADING LTD,,Trading(Import/Export),0392058550
114,CCM CHEMICALS SDN BHD,www.ccmchemicals.com,Chemicals/Minerals,072510562
115,CCM FERTILIZERS SDN BHD,www.ccm.com.my/ccmf,Chemicals/Minerals,0351632288
116,CELCOM AXIATA BERHAD,www.celcom.com.my,ICT/Communications,0326883939
117,CEMENT INDUSTRIES (SABAH) SDN BHD,www.sabahcement.com.my,Non-MetallicManufactures,088411122
118,CERAMTEC INNOVATIVE CERAMIC ENGINEERING (M) SDN BHD,www.ceramtec.de,Non-MetallicManufactures,066778388
119,Chang Huat Plastic Industries (Senai) Sdn Bhd,,Non-MetallicManufactures,
120,CHEFUTENSILE (M) SDN BHD,www.chefutensile.com,Trading(Import/Export),045026618
121,CHEVRON MALAYSIA LIMITED,www.caltex.com.my,Oil/Gas/Petrochemicals,0322896688
122,CHINA,,Embassy,0342513555
123,CITITEL HOTEL MANAGEMENT SDN BHD,www.chm-hotels.com,Hotels/Tourism,043701188
124,CJ CENTURY LOGISTICS SDN BHD,www.century.com.my,Port/Logistics,075071666
125,CLEVEN WORLDWIDE (M) SDN BHD,,Trading(Import/Export),045304360
126,CMA CGM MALAYSIA SDN BHD,www.cma-cgm.com.my,Transport,03229928010322992888
127,COCA-COLA BOTTLERS (M) SDN BHD,www.coca-cola.com.my,Food/Beverages,067985100
128,COCA-COLA FAR EAST LIMITED,www.coca-cola.com.my,Food/Beverages,0327236331
129,COLOMBIA,http://www.colombiaemb.org/,Embassy,0321645488
130,CONCEPT MARKETING SDN BHD,,Electrical/Electronics,088252633
131,CONOCOPHILLIPS ASIA PACIFIC SDN BHD,www.conocophillips.com,Energy/Utilities,0321785600
132,CONTINENTAL TYRE PJ MALAYSIA SDN BHD,www.conti-sime.com,Rubber/WoodProducts,0377878888
133,CONVEX MALAYSIA SDN BHD,www.klccconventioncetre.com,Consultancy/BusinessSvcs,0323332888
134,CORPORATE DYNAMICS SDN BHD,,Energy/Utilities,088233511
135,CRESCENDO CORPORATION BERHAD,www.crescendo.com.my,Property/RealEstate,072248316
136,CROATIA,,Embassy,0342535340
137,CROWE MALAYSIA,www.crowe.my,Accountancy/Financial,0327889999
138,CROWE MALAYSIA (SABAH),www.crowe.my,Accountancy/Financial,088233733
139,CROWN WORLDWIDE GROUP SDN BHD – PENANG,www.crownrrelo.com,Port/Logistics,045054589
140,CRT INSIGHTS TECHNOLOGIES SDN BHD,,ICT/Communications,073582627
141,CY GROUP SDN BHD,,Property/RealEstate,0362033522
142,CZECH REPUBLIC,www.mzv.cz/kualalumpur,Embassy,0321662900
143,DAIREN CHEMICAL (M) SDN BHD,www.dcc.com.tw,Chemicals/Minerals,072565800
144,DAMCO LOGISTICS MALAYSIA SDN BHD,https://www.damco.com,Transport,075071851
145,DANISCO MALAYSIA SDN BHD,www.danisco.com,Food/Beverages,043995888
146,DANONE DUMEX (MALAYSIA) SDN BHD,www.dumex.com.my,Food/Beverages,0322981688
147,DB TRAINING SOLUTIONS PLT,,Others(Unspecified),
148,DELEUM SERVICES SDN BHD,www.deleum.com,Oil/Gas/Petrochemicals,0322957788
149,DELOITTE TAX SERVICES SDN BHD,www.deloitte.com/my,Accountancy/Financial,052531358
150,DELOITTE TAX SERVICES SDN BHD – JOHOR,www.deloitte.com/my,Accountancy/Financial,072225988
151,DELOITTE TOUCHE TOHMATSU TAX SERVICES SDN BHD,www.deloitte.com/my,Accountancy/Financial,0376108888
152,DENMARK,www.ambkualalumpur.um.dk,Embassy,0320322001
153,DESARU SOUTH COURSE SDN BHD,www.elsclubmalaysia.com,Hotels/Tourism,
154,DEUTSCHE BANK (MALAYSIA) BERHAD,https://www.db.com/malaysia/,Banking/Insurance,0320536788
155,DHL EXPRESS (M) SDN BHD – KOTA KINABALU,www.dhl.com,Port/Logistics,088733000
156,DIAMOND KEY INTERNATIONAL (MALAYSIA) SDN BHD,www.diamondkey.com,Oil/Gas/Petrochemicals,03795100000377270755
157,DISTED PULAU PINANG SDN BHD,disted.edu.my,Education/Training,042296579
158,DKSH HOLDINGS (MALAYSIA) BERHAD,www.dksh.com,Pharmaceutical/Medical,0378828888
159,DONGWHA MALAYSIA SDN BHD -Kedah,www.dongwha.com.my,Rubber/WoodProducts,044022110
160,DR OETKER NONA MALAYSIA SDN BHD,www.oetker.com.my,Food/Beverages,045017504
161,DUTCH LADY MILK INDUSTRIES BERHAD,www.dutchlady.com.my,Food/Beverages,0379532600
162,DXN INDUSTRIES (M) SDN BHD,www.dxn2u.com,Food/Beverages,047723388
163,DYNAC SDN BHD – JOHOR,www.dynac.com.my,Construction/Engineering,072599888
164,DYSON MANUFACTURING SDN BHD,www.dyson.com,Machinery/Equipment,075999333
165,EA MARINE SERVICES SDN BHD,http://www.eamarine.com.my,Trading(Import/Export),075321266
166,EASTERN & ORIENTAL HOTEL SDN BHD,www.eohotels.com,Hotels/Tourism,042222000
167,EASTWOOD TECHNOLOGIES PTE. LTD,,Education/Training,0267018256
168,EATON INDUSTRIES SDN BHD,http://www.eaton.com,Electrical/Electronics,043897566
169,ECON MEDICARE CENTRE AND NURSING HOME SDN BHD,www.econhealthcare.com,Pharmaceutical/Medical,072344680
170,ECUADOR,http://malasia.embajada.gob.ec/,Embassy,0321635078
171,EEW MALAYSIA SDN BHD,www.eew-group.com,Oil/Gas/Petrochemicals,072599333
172,ELEKTRISOLA (MALAYSIA) SDN BHD,www.elektrisola.com,Electrical/Electronics,092210888
173,EMINENT TRANSFORM SDN BHD,,Electrical/Electronics,063125419
174,ENQUEST PETROLEUM PRODUCTION MALAYSIA LTD,www.enquest.com,Oil/Gas/Petrochemicals,0327836031
175,ENVICO TRAVEL RETAIL SDN BHD,www.valiram.com,Retail/Wholesale,0323809888
176,ENVICTUS DAIRIES MARKETING SDN BHD,,Food/Beverages,0379563888
177,ENVIRO-LIFT SERVICES SDN BHD,www.envirolift.com.my,Consultancy/BusinessSvcs,0378463682
178,ENZA ZADEN ASIA SDN BHD,http://www.enzazaden.com,Agriculture/Plantations,045060040
179,EQUINE NUTRITION AUSTRALASIA SDN BHD,https://www.equine-nutrition.com.my,Trading(Import/Export),053574080
180,ERNST & YOUNG – IPOH,www.ey.com/my,Accountancy/Financial,052556393
181,ERNST & YOUNG – JOHOR,www.ey.com/my,Accountancy/Financial,073341740
182,ERNST & YOUNG – KOTA KINABALU,www.ey.com/my,Accountancy/Financial,088235733
183,ERNST & YOUNG – KUANTAN,www.ey.com/my,Accountancy/Financial,095157500
184,ERNST & YOUNG – PENANG,www.ey.com/my,Accountancy/Financial,042641878
185,ESCATEC ELECTRONICS SDN BHD,www.escatec.com,Electrical/Electronics,046432554
186,EURO-CIRCUIT TECHNOLOGY SDN BHD,www.eurocircuit.com.my,Chemicals/Minerals,073822946
187,EUROPEAN UNION,https://eeas.europa.eu/delegations/malaysia_en,Embassy,0327337373
188,EVERGREEN FIBREBOARD (JB) SDN BHD,www.evergreengroup.com.my,Rubber/WoodProducts,074541933
189,EVERGREEN FIBREBOARD BERHAD,www.evergreengroup.com.my,Rubber/WoodProducts,074541933
190,EVERGREEN MARINE CORPORATION (MALAYSIA) SDN BHD – JOHOR,www.evergreen-line.com,Transport,072231559
191,EXNI RAILWAY (MALAYSIA) SDN BHD,www.exnirail.com,Machinery/Equipment,0362509230
192,EXNI RAILWAY (MALAYSIA) SDN BHD,,Machinery/Equipment,
193,EXPORT-IMPORT BANK OF MALAYSIA BERHAD (EXIM),www.exim.com.my,Banking/Insurance,0326012000
194,EXXONMOBIL EXPLORATION AND PRODUCTION MALAYSIA INC,www.exxonmobil.com.my,Oil/Gas/Petrochemicals,0323803000
195,FANLOGIK ENGINEERING SERVICES SDN BHD,www.fanlogik.co,Construction/Engineering,0333581111
196,FAR EAST MULTIWAY SDN BHD,,Trading(Import/Export),
197,FARASAN INTERNATIONAL SDN BHD,www.farasan-intl.com,Consultancy/BusinessSvcs,0322987340
198,FARM FRESH MILK SDN BHD,www.farmfresh.com.my,Food/Beverages,072323463
199,FATTY CHEMICAL (MALAYSIA) SDN BHD,,Chemicals/Minerals,043998500
200,FEDERAL EXPRESS SERVICES (M) SDN BHD,www.fedex.com,Port/Logistics,0377206000
201,FEED HEALTH SDN BHD,,Trading(Import/Export),0356351633
202,FELDA IFFCO SDN BHD,www.feldaiffco.com,Food/Beverages,0331687788
203,FERRUCCI SDN BHD,www.ferrucciworldwide.com,Trading(Import/Export),0377331373
204,FIJI ISLANDS,,Embassy,0327323335
205,FINISAR MALAYSIA SDN BHD,www.finisar.com,Electrical/Electronics,052907800
206,FINLAND,www.finland.org.my,Embassy,0342577746
207,FIRST MARINE SERVICES (M) SDN BHD,www.fms.com.my,Oil/Gas/Petrochemicals,095736333
208,FIRST SOLAR MALAYSIA SDN BHD,www.firstsolar.com,Energy/Utilities,044016776
209,FLAGSHIP BUILDERS SDN BHD,www.jolandgroup.com.my,Property/RealEstate,072781111
210,FLEXIBLE DUCTING (M) SDN BHD,www.flexibleducting.co.uk,Non-MetallicManufactures,073339555
211,FMC WELLHEAD EQUIPMENT SDN BHD,,Oil/Gas/Petrochemicals,072671000072672200
212,FOCAL CONCEPTS SDN BHD,www.focal-concepts.com,Media/Advertising,042103898
213,FOO NYIT TSE & BROTHERS SDN BHD,,Agriculture/Plantations,052553228
214,FPG OLEOCHEMICALS SDN BHD,www.fpg.com.my,Chemicals/Minerals,095852233
215,FRANCE,www.ambafrance-my.org,Embassy,0320535600
216,FREESCALE SEMICONDUCTOR MALAYSIA SDN BHD,www.freescale.com,Metal Manufactures,0376692000
217,FRESENIUS KABI MALAYSIA SDN BHD,www.fresenius-kabi.com,Pharmaceutical/Medical,0379572929
218,FUJIFILM (MALAYSIA) SDN BHD,www.fujifilm.com.my,Consultancy/BusinessSvcs,0355698388
219,FUMAKILLA MALAYSIA BERHAD,,Non-MetallicManufactures,
220,G HOTEL SDN BHD,www.ghotel.com.my,Hotels/Tourism,042380000
221,G.I. INDUSTRIAL ASIA HOLDING SDN BHD,,Machinery/Equipment,0333926088
222,GABUNGAN SERIMAJU SDN BHD,,Electrical/Electronics,0135520333
223,GAMALUX OILS SDN BHD,www.gamaluxoils.com.my,Oil/Gas/Petrochemicals,0333248011
224,GAMLITE IT (M) SDN BHD,www.gamlite.com,ICT/Communications,088382290
225,GATEWAY INDUSTRIAL CORPORATION SDN BHD,www.gicmy.com,Metal Manufactures,052815739
226,GEMILANG GROUP LTD,www.gemilanggroup.com,Trading(Import/Export),087421644902125316068
227,GEMS EDUCATION M1 SDN BHD,https://pearlcity.gems.edu.my,Education/Training,045097000
228,GENTING BERHAD,http://www.genting.com,Consultancy/BusinessSvcs,0321612288
229,GERARD & ASSOCIATES SDN BHD,www.gerardassociates.com.my,Consultancy/BusinessSvcs,072229919
230,GERMAN-MALAYSIAN INSTITUTE (GMI),http://www.gmi.edu.my,Education/Training,0389219000
231,GERMANY,www.kuala-lumpur.diplo.de,Embassy,0321709666
232,GIGA SPORTS SDN BHD,www.starthreesixty.com,Retail/Wholesale,03802360180380818677
233,GIGABIT HOSTING SDN BHD,,ICT/Communications,0379729149
234,GIMAMED MEDICAL EQUIPMENT CO LTD,,Pharmaceutical/Medical,
235,GITI TIRE (MALAYSIA) SDN BHD,,Rubber/WoodProducts,067610091
236,GLAXOSMITHKLINE MALAYSIA,www.gsk.com.my,Pharmaceutical/Medical,0374952600
237,GLAXOSMITHKLINE PHARMACEUTICAL SDN BHD,www.gsk.com.my,Pharmaceutical/Medical,0374952602
238,GLOHARTA (M) SDN BHD (LE MERIDIEN KOTA KINABALU),www.lemeridien.com/kotakinabalu,Hotels/Tourism,088322222088322210
239,GMC INDUSTRIES SDN BHD,www.gmcindustries.com.my,Metal Manufactures,0351618962
240,GOODYEAR MALAYSIA BERHAD,www.goodyear.com.my,Rubber/WoodProducts,0355203200
241,GRAND BANKS YACHTS SDN BHD,www.grandbanks.com,Non-MetallicManufactures,072517488
242,GRAND MILLENNIUM KUALA LUMPUR,www.grandmillennium.com,Hotels/Tourism,0321174888
243,GRANITE LANJAN SDN BHD,,Construction/Engineering,0392269331
244,GREAT EASTERN LIFE ASSURANCE (MALAYSIA) BERHAD,www.greateasternlife.com,Banking/Insurance,0342598888
245,GREENPEN FREIGHT SERVICES (M) SDN BHD,,Transport,0123810893
246,GS PAPER & PACKAGING SDN BHD,www.gspp.com.my,Non-MetallicManufactures,0331825000
247,GSL TECH SDN BHD,www.gsltech.com.my,Construction/Engineering,01242339010124238083
248,GUARD ADDITIVES SDN BHD,www.gnnh.com,Trading(Import/Export),0356351633
249,HALLIBURTON MANUFACTURING & TECHNOLOGY (M) SDN BHD,,Oil/Gas/Petrochemicals,075974300
250,HAMPSHIRE FOODS SDN BHD,,Food/Beverages,
251,HANSON QUARRY PRODUCTS SDN BHD,www.hanson.biz,Non-MetallicManufactures,0358858888
252,HARRISON ASSESSMENTS (MALAYSIA) SDN BHD,www.harrisonassessments.com,Consultancy/BusinessSvcs,0362011198
253,HASILWAN (M) SDN BHD,www.hasilwan.com.my,Energy/Utilities,0378038887
254,HCM-HYGENIC CORPORATION (MALAYSIA) SDN BHD,http://www.hygenic.com/,Pharmaceutical/Medical,053669188
255,HEINEKEN MALAYSIA BERHAD,www.heinekenmalaysia.com,Food/Beverages,0378614688
256,HENKEL (MALAYSIA) SDN BHD,www.henkel.com,Electrical/Electronics,055476811
257,HENRY BUTCHER MALAYSIA (PENANG) SDN BHD,www.henrybutcherpenang.com,Property/RealEstate,042298999
258,HERITAGE LANE SDN BHD,www.impiana.com.my,Hotels/Tourism,0321471111
259,HERNANCRES TAX CONSULTANCY SDN BHD,www.hernancres.com,Accountancy/Financial,0362429442
260,HESS EXPLORATION AND PRODUCTION MALAYSIA B.V.,www.hess.com,Oil/Gas/Petrochemicals,0327887000
261,HEXZA CORPORATION BERHAD,http://www.hexza.com.my/history.htm,Property/RealEstate,052917823
262,HOLIDAY TOURS & TRAVEL SDN BHD,www.holidaytours.com.my,Hotels/Tourism,042382638
263,HOLISTISCH GROUP,www.holistischgroup.com,Consultancy/BusinessSvcs,0389483350
264,HONEY EMPIRE SDN BHD,www.honey-empire.com,Food/Beverages,
265,HONG LEONG BANK BERHAD,www.hlb.com.my,Banking/Insurance,0320818888
266,HOTEL JEN PENANG,hoteljen.com,Hotels/Tourism,042622622
267,HOVID BERHAD,www.hovid.com,Pharmaceutical/Medical,055060690
268,HOZELOCK LTD,www.hozelock.com,Machinery/Equipment,075995144
269,HQ PACK SDN BHD,,Others(Unspecified),076607878
270,HSBC BANK MALAYSIA BERHAD,www.hsbc.com.my,Banking/Insurance,0320753272
271,HSBC BANK MALAYSIA BERHAD – JOHOR,www.hsbc.com.my,Banking/Insurance,072244355
272,HSBC BANK MALAYSIA BERHAD – KOTA KINABALU,www.hsbc.com.my,Banking/Insurance,088518676
273,HSBC BANK MALAYSIA BERHAD – KUANTAN,www.hsbc.com.my,Banking/Insurance,095109280
274,HSBC BANK MALAYSIA BERHAD – KUCHING,www.hsbc.com.my,Banking/Insurance,082204230082232282
275,HSBC BANK MALAYSIA BERHAD – PENANG,www.hsbc.com.my,Banking/Insurance,046503220042595239
276,HSBC BANK MALAYSIA BERHAD – PERAK,www.hsbc.com.my,Banking/Insurance,052554379
277,HYATT REGENCY KINABALU,www.kinabalu.regency.hyatt.com,Hotels/Tourism,088221234
278,I.S.P. SCHOOLS ASSOCIATION,www.uplands.org,Education/Training,048819777
279,IBNU KHALDUN MANUFACTURING SDN BHD,www.tokguru.net,Food/Beverages,0387413830
280,IDEAL CONCEPT INTELLIGENCE SDN BHD,www.idealhomes.cc,Property/RealEstate,0464168880464110969
281,IFFCO (MALAYSIA) SDN BHD,www.iffco.com,Pharmaceutical/Medical,072543188
282,IFM ELECTRONIC PTE LTD,ifm.com/m,Electrical/Electronics,603806698531800884363
283,IMAXTECH ELECTRONICS SDN BHD,www.imax-tech.com,Trading(Import/Export),046456080
284,IMERYS MINERALS MALAYSIA SDN BHD,www.imerys.com,Chemicals/Minerals,0322679200
285,IMPIANA HOTEL IPOH SDN BHD,www.impiana.com,Hotels/Tourism,052555555
286,INDIA,www.indianhighcommission.com.my,Embassy,0320933504
287,INDONESIA,https://www.kbrikualalumpur.org/,Embassy,0321164057
288,INFRA TECH PROJECTS MALAYSIA SDN BHD,infratechgeo.com,Others(Unspecified),0378803999
289,INHESION INDUSTRIAL (M) SDN BHD,www.inhesiongroup.com,Non-MetallicManufactures,0333927045
290,INNOPRISE CORPORATION SDN BHD,www.icsb-sabah.com.my,Consultancy/BusinessSvcs,088326478088431891
291,INNOPRISE PLANTATIONS BHD,www.innoprise.com.my,Agriculture/Plantations,089914877
292,IN-SITU MAINTENANCE SERVICES SDN BHD,www.in-situgroup.com,Oil/Gas/Petrochemicals,0380683220
293,INSPIRE GROUP NEW ZEALAND,www.inspiregroup.co.nz,Education/Training,8444714847
294,INSTITUTE FOR DEMOCRACY AND ECONOMIC AFFAIRS (IDEAS),www.ideas.org.my,Others(Unspecified),0320708881
295,INTEGRITY ENGINEERING SERVICES SDN BHD,integritysb.com,Construction/Engineering,0342532671
296,INTEL TECHNOLOGY SDN BHD,www.intel.com,Electrical/Electronics,042538754
297,INTELLECT WORLDWIDE SDN BHD,www.intellect-worldwide.com,Consultancy/BusinessSvcs,042291100
298,INTI INTERNATIONAL COLLEGE PENANG SDN BHD,www.newinti.edu.my,Education/Training,046310138
299,INTO MILLENIUM RESOURCES (M) SDN BHD,www.htraps.com,Retail/Wholesale,0392838455
300,INVEST SELANGOR BERHAD,www.investselangor.my,Others(Unspecified),0355102005
301,IOI PAN-CENTURY EDIBLE OILS SDN BHD,www.ioigroup.com,Agriculture/Plantations,072543811
302,IPC MALAYSIA B.V.,www.international-petroleum.com,Oil/Gas/Petrochemicals,0321728000
303,IPOH CARGO TERMINAL SDN BHD,www.ictipoh.com.my,Transport,055272415
304,IRC GLOBAL SEARCH (M) SDN BHD,www.intermanpower.com,Consultancy/BusinessSvcs,046462020
305,IRELAND,www.ireland-embassy.com.my,Embassy,0321612963
306,ISKANDAR MALAYSIA STUDIOS SDN BHD,www.pinewoodmalaysiastudios.com,Media/Advertising,075135010
307,ITALY,www.ambkualalumpur.esteri.it,Embassy,0321489433
308,ITS TESTING SERVICES (M) SDN BHD,www.intertek.com,Consultancy/BusinessSvcs,0379564439
309,J A RUSSELL & CO SDN BERHAD,,Consultancy/BusinessSvcs,0321646555
310,Jalan SS 7/19,,Petaling Jaya,
311,JAPAN,http://www.my.emb-japan.go.jp/,Embassy,0321427044
312,JARDINE MATHESON (MALAYSIA) SDN BHD,,Consultancy/BusinessSvcs,0320942168
313,JBDEAL SDN BHD,www.jbdeal.com,Food/Beverages,073500623
314,JLL PROPERTY SERVICES (MALAYSIA) SDN BHD,www.jll.com.my,Property/RealEstate,0322600700
315,JMD CONSULTING LTD,www.theglobalstudent.net,Education/Training,0342654053
316,JOHNSON & JOHNSON SDN BHD,www.jnj.com,Pharmaceutical/Medical,0376614539
317,JOSH LEE FRAGRANCES SDN. BHD.,www.joshleefragrances.com,Retail/Wholesale,042293579
318,JT INTERNATIONAL TRADING SDN BHD,www.jti.com,Non-MetallicManufactures,0320949011
319,JX NIPPON OIL & GAS EXPLORATION (MALAYSIA) LIMITED,www.nex.jx-group.co.jp,Oil/Gas/Petrochemicals,0321689596
320,K.K.I.P SDN BHD,www.kkip.com.my,Property/RealEstate,088498001498005
321,KAIFA TECHNOLOGY MALAYSIA SDN BHD,www.kaifa.cn,Electrical/Electronics,078622222
322,KANEKA (MALAYSIA) SDN BHD,www.kaneka.co.jp,Chemicals/Minerals,095826000
323,KASI (MALAYSIA) SDN BHD,www.kasimalaysia.com,Consultancy/BusinessSvcs,088259229
324,KASK HOLDINGS SDN BHD,www.kask.com.my,Consultancy/BusinessSvcs,0379318773
325,KEBABANGAN PETROLEUM OPERATING COMPANY SDN BHD,,Oil/Gas/Petrochemicals,0321682288
326,KEE FATT INDUSTRIES SDN BHD,www.keefatt.com,Rubber/WoodProducts,076612888
327,KEJURUTERAAN POWERWELL SDN BHD,www.powerwell.com.my,Electrical/Electronics,0355213333
328,KERJAYA SUKSES SDN BHD,www.kerjayasukses.com.my,Consultancy/BusinessSvcs,0321196917
329,KERRY INGREDIENTS (M) SDN BHD,www.kerryasia.com,Food/Beverages,072332800
330,KEWPUMP (M) SDN BHD,www.kewpump.com.my,Metal Manufactures,053667468
331,KIMANIS FOOD INDUSTRIES SDN BHD,www.kimanisfood.com.my,Food/Beverages,088422292
332,KINABALU NATURE RESORTS SDN BHD,www.suterasanctuarylodges.com.my,Hotels/Tourism,088487466
333,KINGSLEY ADVISORY & STRATEGIC INITIATIVES (KASI INSTITUTE),http://kasi.asia,Consultancy/BusinessSvcs,60126283319
334,KINTA SUNWAY RESORT SDN BHD,,Hotels/Tourism,052107777
335,KISWIRE SDN BHD,www.kiswire.com,Metal Manufactures,073404000
336,KL METRO LAND DEVELOPMENT SDN BHD,www.lexis.my,Hotels/Tourism,046282828
337,KLS MARTIN MALAYSIA SDN BHD,www.klsmartin.com,Pharmaceutical/Medical,045062380
338,KM LOI & ASSOCIATES SDN. BHD. (200401030549),www.kmloi.com,Consultancy/BusinessSvcs,0123036757
339,Knight Frank Malaysia Sdn Bhd,https://www.knightfrank.com.m,Property/RealEstate,0322899688
340,KNOWLEDGE HAVEN SDN BHD,www.araschools.com,Education/Training,072222089
341,KOREA,,Embassy,0342512336
342,KOTRA PHARMA (M) SDN BHD,www.kotrapharma.com,Pharmaceutical/Medical,063362222
343,K-PINTAR SDN BHD,www.kpintaracademy.com,Education/Training,0322844148
344,KPJ HEALTHCARE BERHAD,www.kpjhealth.com.my,Pharmaceutical/Medical,0326816222
345,KPMG PLT,www.kpmg.com.my,Accountancy/Financial,0377213388
346,KPMG PLT – IPOH,www.kpmg.com.my,Accountancy/Financial,052531188
347,KPMG PLT – KOTA KINABALU,www.kpmg.com.my,Accountancy/Financial,088211811
348,KPMG PLT – PENANG,www.my.kworld.kpmg.com,Accountancy/Financial,042382288
349,KUALA LUMPUR KEPONG BERHAD,www.klk.com.my,Agriculture/Plantations,052408000
350,KUALITI ALAM SDN BHD,www.kualitialam.com,Construction/Engineering,0327276100
351,KUANTAN PORT CONSORTIUM SDN BHD,www.kuantanport.com,Port/Logistics,095863888
352,KUMPULAN PERUBATAN ASIA SDN BHD,,Pharmaceutical/Medical,073341139
353,KUNAK REFINERY SDN BHD,www.sawitkinabalu.com.my,Trading(Import/Export),088235811
354,KURZ PRODUCTION (MALAYSIA) SDN BHD,www.kurz.de,Others(Unspecified),053712708
355,KVC INDUSTRIAL SUPPLIES SDN BHD,https://www.kvc.com.my/,Machinery/Equipment,
356,KWANTAS OIL SDN BHD,www.kwantas.com.my,Trading(Import/Export),088486555
357,LAB DOM AVMM SUISSE (ASIA) SDN BHD,,Pharmaceutical/Medical,088448989
358,LABUAN IBFC INCORPORATED SDN BHD,www.labuanibfc.com,Consultancy/BusinessSvcs,0327738977
359,LAFARGE MALAYSIA BERHAD,www.lafarge.com,Non-MetallicManufactures,0377238200
360,LAFAZ BERSATU SDN BHD,,Oil/Gas/Petrochemicals,095688037
361,LAO PDR,,Embassy,0321487059
362,LATEXX MANUFACTURING SDN BHD,www.latexx.com.my,Rubber/WoodProducts,058295555
363,LEBEL (M) SDN BHD,,Trading(Import/Export),0378800070
364,"LEE & TENGKU AZRINA, ADVOCATES & SOLICITORS",,Legal,072238828
365,LEE HISHAMMUDDIN ALLEN & GLEDHILL,www.lh-ag.com,Legal,0362085888
366,LEE HISHAMMUDDIN ALLEN & GLEDHILL – PENANG,www.lh-ag.com,Legal,043701122
367,LEISURE GUIDE PUBLISHING SDN BHD,,Others(Unspecified),037955701379581558
368,LEMAR INTERNATIONAL SDN BHD,www.lemarrubber.com,Trading(Import/Export),0380602105
369,LENDLEASE PROJECTS (M) SDN BHD,www.bovislendlease.com,Construction/Engineering,0323859888
370,LHOIST (MALAYSIA) SDN BHD,www.lhoist.com,Chemicals/Minerals,0325891000
371,LIDO WATERFRONT BOULEVARD SDN BHD,www.tropicanacorp.com.my,Property/RealEstate,072266888
372,LIM SU CHUNG & CO,www.ga.com.my,Accountancy/Financial,088233791
373,LIMKOKWING INTEGRATED SDN BHD,www.limkokwing.edu.my,Education/Training,0383178888
374,LINATEX RUBBER PRODUCTS SDN BHD,www.weirminerals.com,Rubber/WoodProducts,0362517888
375,LINDE MALAYSIA SDN BHD,www.linde.com.my,Chemicals/Minerals,0356248888
376,LINFOX LOGISTICS (MALAYSIA) SDN BHD,www.linfox.com,Port/Logistics,0380264888
377,LKL ADVANCE METALTECH SDN BHD,www.lklbeds.com,Pharmaceutical/Medical,0389482990
378,LOGISTICS CONSULTING (ASIA) SDN BHD,www.logisticsconsulting.asia,Consultancy/BusinessSvcs,0377299386
379,LOKLI SDN BHD,,Accountancy/Financial,069521306
380,LOTTE CHEMICAL TITAN (M) SDN BHD,www.lottechem.my,Non-MetallicManufactures,0320934222
381,LUMUT MARITIME TERMINAL SDN BHD,www.lumutport.com,Port/Logistics,056889166
382,LUVATA MALAYSIA SDN BHD,www.luvata.com,Metal Manufactures,072526688
383,LYSAGHT CORRUGATED PIPE SDN BHD,,Metal Manufactures,055451822
384,M CHEM TECHNOLOGIES SDN BHD,,Oil/Gas/Petrochemicals,076606019
385,M.E.T. MOTION ENGINEERING & TRADING SDN BHD,,Construction/Engineering,043333130
386,M+W HIGH TECH PROJECTS SDN BHD,www.mwgroup.net,Construction/Engineering,0389415195
387,M2 MINDMATTERS PTE LTD,www.executive-coaching.com.sg,Consultancy/BusinessSvcs,073607008
388,MABECS SDN BHD,www.mabecs.com,Education/Training,0379567655
389,MACFOOD SERVICES (M) SDN BHD,www.keystonefoods.com,Food/Beverages,0356330222
390,MAERSK MALAYSIA SDN BHD,www.maerskline.com,Transport,0380266625
391,MAH SING PROPERTIES SDN BHD,www.mahsing.com.my,Property/RealEstate,0392218888
392,MALAYAN BANKING BERHAD,www.maybank.com.my,Banking/Insurance,03207477880320708833
393,MALAYAN BANKING BERHAD – KOTA KINABALU,www.maybank.com.my,Banking/Insurance,088217013
394,MALAYAN TESTING LABORATORY SDN BHD,http://www.malayantesting.com,Chemicals/Minerals,042282043
395,MALAYSIA AIRLINES BERHAD – SABAH,www.malaysiaairlines.com,Transport,088515525
396,MALAYSIA LAND PROPERTIES SDN BHD,www.mayland.com.my,Property/RealEstate,0326929663
397,MALAYSIA TRADE & TRANSPORT CO SDN BHD,www.mttgroup.com.ny,Transport,042589999
398,MALAYSIAN AUTOMOTIVE LIGHTING SDN BHD,www.al-lighting.com,Electrical/Electronics,045090201
399,MALAYSIAN EXPORT ACADEMY SDN BHD,www.exportacademy.net,Education/Training,0378800413
400,MALAYSIAN NEWSPRINT INDUSTRIES SDN BHD,http://mnipaper.com,Non-MetallicManufactures,0377859988
401,MALAYSIAN SHEET GLASS SENDIRIAN BERHAD,www.nsg.com.my,Non-MetallicManufactures,0361565011
402,MALSEC SDN BHD,,Consultancy/BusinessSvcs,0340420266
403,MANPOWER STAFFING SERVICES (MALAYSIA) SDN BHD,www.manpower.com.my,Consultancy/BusinessSvcs,0320870000
404,MARIWASA KRAFTANGAN SDN BHD,http://mariwasa.my,Others(Unspecified),0122348899
405,MARPOSS KABUSHIKI KAISHA (MALAYSIA BRANCH OFFICE),www.marposs.com,Machinery/Equipment,0342707455
406,MARSH INSURANCE BROKERS (M) SDN BHD,www.marsh.com,Banking/Insurance,0323028488
407,MARSHALLE ART,http://www.marshalle-art.com,Others(Unspecified),60143723545
408,MAYBANK INVESTMENT BANK BERHAD,www.aseam.com.my,Banking/Insurance,0320591888
409,MCC OVERSEAS (M) SDN BHD,www.mccoverseas.my,Construction/Engineering,0340650111
410,MDIS UNICAMPUS (MALAYSIA) SDN BHD,www.mdis.edu.my,Education/Training,072072601
411,MECA EMPLOYERS CONSULTING AGENCY SDN BHD,www.meca.com.my,Consultancy/BusinessSvcs,0376100190
412,MEDALLION CITY VENTURES SDN BHD,www.medallionsporting.net,Textiles/Garments,0327164244
413,MEIBAN TECHNOLOGIES (MALAYSIA) SDN BHD,www.meiban.com,Non-MetallicManufactures,078636111
414,MEMC ELECTRONIC MATERIALS SDN BHD,www.memc.com,Electrical/Electronics,0378773277
415,META-ALLIANCE INDUSTRIES (M) SDN BHD,www.metasafety.com,Non-MetallicManufactures,0390213233
416,METHOD MACHINE WORKS,www.methodmachine.com,Machinery/Equipment,0380521925
417,METROD HOLDINGS BERHAD,www.metrod.com,Metal Manufactures,0333413422
418,METTUBE INTERNATIONAL SDN BHD,www.mettube.com,Metal Manufactures,0351023288
419,MEWAH – OIL SDN BHD,www.mewahgroup.com,Agriculture/Plantations,03310111330331693113
420,MEXICO,www.embamex.org.my,Embassy,0321646362
421,MICROMECHANICS (M) SDN BHD,www.theswatchgroup.com,Electrical/Electronics,055018201
422,MINCONSULT SDN BHD,www.minconsult.com,Construction/Engineering,0379525757
423,MISC BERHAD,www.misc.com.my,Transport,032264088822753151
424,MITD SDN BHD,www.itdworld.com,Education/Training,042283869
425,MITSUBISHI CORPORATION,www.mitsubishicorp.com,Trading(Import/Export),0321809231
426,MITSUI & CO (ASIA PACIFIC) PTE LTD,www.mitsui.com,Trading(Import/Export),0321168000
427,MOI FOODS MALAYSIA SDN BHD,www.mewahgroup.com,Agriculture/Plantations,0331693179
428,MOJIKO AUTO PARTS SDN BHD,,Automotive,095663040
429,MOL LOGISTICS (M) SDN BHD,https://www.mol-logistics-group.com,Transport,0356381500
430,MONSANTO (MALAYSIA) SDN BHD,,Chemicals/Minerals,072536422
431,MRT WORLDWIDE SDN BHD,www.mrtworldwide.com,Port/Logistics,072888271
432,MSC CYBERPORT BHD,www.cyberport.my,ICT/Communications,072761251
433,MSM MALAYSIA HOLDINGS BERHAD,http://www.msmsugar.com,Food/Beverages,0321814810
434,MSM PRAI BERHAD – PENANG,www.msmsugar.com,Food/Beverages,043888888
435,MUBADALA PETROLEUM,www.mubadalapetroleum.com,Oil/Gas/Petrochemicals,0327273800
436,MUFG BANK (MALAYSIA) BERHAD,http://www.bk.mufg.jp,Banking/Insurance,0320348118
437,Multi-Best Trading Sdn Bhd,,Oil/Gas/Petrochemicals,088439868
438,MURPHY SARAWAK OIL CO. LTD,www.murphyoilcorp.com,Oil/Gas/Petrochemicals,0374907400
439,MYANMAR,,Embassy,0342516355
440,NAPOLEON HILL ASSOCIATES (M) SDN BHD,www.napoleonhillassociates.com,Consultancy/BusinessSvcs,0321441818
441,NAQIZ & PARTNERS,www.naqiz.com,Legal,0320817888
442,NAUTIC OFFSHORE PTE LTD (Malaysia Branch),www.nautic-group.com,Construction/Engineering,0882523686562982671
443,NEKDERX SDN BHD,,Trading(Import/Export),0377268733
444,NETHERLANDS,www.netherlands.org.my,Embassy,0321686262
445,NEW ZEALAND,www.nzembassy.com,Embassy,0320782533
446,NEW ZEALAND UNLIMITED SDN BHD,,Construction/Engineering,0326318888
447,NIPPON EXPRESS (MALAYSIA) SDN BHD,www.nittsu.com.my,Transport,075049000
448,NOBLELIFT MALAYSIA SDN BHD,www.noblelift.com,Machinery/Equipment,0331663098
449,NOLATO EMC PRODUCTION CENTER SDN BHD,www.nolato.com/silikonteknik,Others(Unspecified),045057830
450,NORMA PRODUCTS MALAYSIA SDN BHD,www.normagroup.com/fish,Non-MetallicManufactures,052822288
451,NORTH BORNEO LOGISTICS SDN BHD,http://www.northborneologistics.com,Port/Logistics,088436338088439311
452,NORTHPORT (MALAYSIA) BHD,www.northport.com.my,Port/Logistics,0331698888
453,NORWAY,www.norway.org.my,Embassy,0321750300
454,NOVOZYMES MALAYSIA SDN BHD,www.novozymes.com,Others(Unspecified),0389918688
455,NS MEDIK PHARMA SUPPLIES SDN BHD,http://nsmedik.cf/,Pharmaceutical/Medical,052541899
456,NXG SHARED SERVICES SDN BHD,,Consultancy/BusinessSvcs,088448989
457,OCBC BANK (MALAYSIA) BERHAD,www.ocbc.com.my,Banking/Insurance,13008850000320345034
458,OCEAN MEDICAL EQUIPMENT CO. LTD.,,Pharmaceutical/Medical,087588346
459,OHU FATHER AND SON FURNITURE SDN BHD,,Non-MetallicManufactures,053576389053542388
460,OLIVE TREE CONCEPTS SDN BHD,olivetreehotel.com.my,Hotels/Tourism,046377777
461,OMAR & JOSEPH AU,,Legal,095164533
462,OMYA MALAYSIA SDN BHD,www.omya.com,Chemicals/Minerals,0554621880355147102
463,ONE OCEAN ENVIRONMENT SDN BHD,www.oneocean.my,Construction/Engineering,0320116933
464,ONE63 IDEAS SDN BHD,www.one63.com,Food/Beverages,072266799
465,ONESUBSEA MALAYSIA SYSTEMS SDN BHD,www.c-a-m.com,Rubber/WoodProducts,075043113
466,OPTIMAL CHEMICALS (MALAYSIA) SDN BHD,www.optimal.com.my,Chemicals/Minerals,0323314049
467,OREGEON PROPERTY CONSULTANCY (JB) SDN BHD,www.oregeon.com.my,Property/RealEstate,073643998
468,ORIX CAPITAL MALAYSIA SDN BHD,www.orix.com.my,Property/RealEstate,0320597090
469,ORTUS EXPERT WHITE SDN. BHD.,www.royalexpertgroup.com,Retail/Wholesale,0380245626
470,OSI OPTOELECTRONICS SDN BHD,www.osi-systems.com,Electrical/Electronics,075557888
471,OTEC KEMAJUAN SDN BHD,,Oil/Gas/Petrochemicals,0321428315
472,OTHMAN YEOP ABDULLAH GRADUATE SCHOOL OF BUSINESS,www.oyagsb.uum.edu.my,Education/Training,049287101049287156
473,OZLUX SDN BHD,www.ozlux.com,Electrical/Electronics,0390578949
474,P&P PROCESS & PNEUMATICS SDN BHD,www.processpneumatics.com,Trading(Import/Export),046598286
475,PAKISTAN,http://pakistanhckl.com/,Embassy,0321618877
476,PALMECO TECHNOLOGY BERHAD,palmecogroup.com,Trading(Import/Export),063369539
477,PALMTOP VEGEOIL PRODUCTS SDN BHD,www.palmtopvegeoil.com.my,Food/Beverages,072553868
478,PANALPINA TRANSPORT (M) SDN BHD,www.panalpina.com,Port/Logistics,0378412600
479,PANASONIC INDUSTRIAL DEVICES MALAYSIA SDN BHD,https://www.panasonic.com,Electrical/Electronics,0358912461
480,PARAMIT MALAYSIA SDN BHD,www.paramit.com,Electrical/Electronics,045407155
481,PARAMOUNT CORPORATION BERHAD,,Consultancy/BusinessSvcs,0377123333
482,PARTNER MALAYSIA,,Consultancy/BusinessSvcs,
483,PBA HOLDINGS SDN BHD,www.pbahb.com.my,Consultancy/BusinessSvcs,042634200
484,PEKAH SENDIRIAN BERHAD,,Construction/Engineering,088253333
485,PELABUHAN TANJUNG PELEPAS SDN BHD,www.ptp.com.my,Transport,075042222
486,PENANG MEDICAL COLLEGE SDN BHD,www.pmc.edu.my,Education/Training,042171999042171818
487,PENANG PORT SDN BHD,www.penangport.com.my,Port/Logistics,042102200
488,PENFABRIC SDN BHD,www.penfabric.com.my,Textiles/Garments,043854154
489,PENMARINE SDN BHD,www.penmarine.com,Others(Unspecified),046262628
490,PENTACHEM (M) SDN BHD,,Trading(Import/Export),075226300
491,PERAK QUARRY ASSOCIATION,,Others(Unspecified),052545002
492,PERCEPTIVE PROFILE SDN BHD,www.abwoodppsb.com,Rubber/WoodProducts,053665439
493,PERSOLKELLY CONSULTING SDN BHD,www.persolkellyconsulting.com,Consultancy/BusinessSvcs,0321196888
494,PERU,,Embassy,0321633034
495,PETRO DIAMOND ASIA SDN BHD,,Others(Unspecified),0321712614
496,PETROFAC (MALAYSIA-PM304) LIMITED,www.petrofac.com,Construction/Engineering,0323822700
497,PETROGREEN CO. SDN BHD,www.petrogreenco.com,Oil/Gas/Petrochemicals,0321712614
498,PETRONAS CARIGALI SDN BHD,www.petronas.my,Oil/Gas/Petrochemicals,0323315146
499,PETRONAS CARIGALI SDN BHD – SABAH,www.petronas.my,Oil/Gas/Petrochemicals,088525001
500,PETRONAS CHEMICALS DERIVATIVES SDN BHD,http://www.petronaschemicals.com.my,Oil/Gas/Petrochemicals,0323315000
501,PETROTECHNICAL INSPECTION (M) SDN BHD,www.sgs.com,Others(Unspecified),0320959200
502,PEXCO SARAWAK N.V.,,Oil/Gas/Petrochemicals,0323806688
503,PFIZER (MALAYSIA) SDN BHD,www.pfizer.com.my,Pharmaceutical/Medical,0322816000
504,PG PROPERTY ANGEL,www.penangpropertyangel.com,Property/RealEstate,042189406
505,PHILIP MORRIS (MALAYSIA) SDN BHD,www.pmi.com,Non-MetallicManufactures,0320805600
506,PHILIPPINES,https://kualalumpurpe.dfa.gov.ph/embassy-services/trade-and-investments/ptic-in-k,Embassy,03216103610321811074
507,PHILIPS MALAYSIA SDN BHD,www.philips.com.my,Electrical/Electronics,0379657702
508,PHYSICAL ACOUSTICS MALAYSIA SDN BHD,www.pacndt.com,Oil/Gas/Petrochemicals,09517366095173788
509,PINNACLE FOODS (M) SDN BHD,www.pran.com.my,Trading(Import/Export),0361573561
510,POIC SABAH SDN BHD,www.poic.com.my,Property/RealEstate,088272261
511,POLAND,http://www.kualalumpur.msz.gov.pl/en/root,Embassy,0321610805
512,POLARIS ENERGY SDN BHD,www.polarisenergy.com.my,Trading(Import/Export),0321817488
513,POLIKLINIK CAHAYA (PUTRAJAYA) SDN BHD,www.cahayaclinics.com,Pharmaceutical/Medical,0391019894
514,POLYDAMIC HOLDINGS SDN BHD,www.polydamic.com.my,Machinery/Equipment,055268198
515,POLYGOLD BEVERAGES SDN BHD,,Food/Beverages,067677830
516,POLYWARE SDN BHD,www.polyware.com.my,Trading(Import/Export),053232788
517,POPLOOK SDN BHD,www.poplook.com,Retail/Wholesale,062532750
518,POSCO MALAYSIA SDN BHD,www.posco-malaysia.com.my,Metal Manufactures,0331012422
519,POWERWELL INTERNATIONAL SDN BHD,www.powerwell.com.my,Electrical/Electronics,0351201208
520,P-PLUS SDN BHD,www.pplus.com.my,Automotive,045938971
521,PREMIER PLUS PROPERTY SDN BHD,www.premierplus.com.my,Property/RealEstate,075123522072230522
522,PREMIUM VEGETABLE OILS SDN BHD,www.premiumveg.com,Food/Beverages,072513880
523,PRESIDENT HOTEL SDN BHD,www.parkroyalhotels.com,Hotels/Tourism,048862101
524,PRICEWATERHOUSECOOPERS – JOHOR,www.pwc.com,Accountancy/Financial,072186000
525,PRICEWATERHOUSECOOPERS – PENANG,www.pwc.com,Accountancy/Financial,042389188
526,PRICEWATERHOUSECOOPERS PLT -PERAK,www.pwc.com,Accountancy/Financial,052549425
527,PRICEWATERHOUSECOOPERS PLT-JOHOR,,Accountancy/Financial,03217314690321731188
528,PRINCE OF WALES ISLAND INTERNATIONAL SCHOOL,https://www.powiis.edu.my,Education/Training,048689999
529,PRIORITY BONDED WAREHOUSE SDN BHD,www.mttgroup.com.my,Port/Logistics,046445860
530,PROBIOCARE SDN BHD,www.lactogg.com,Pharmaceutical/Medical,0320111223
531,PROCACIA INDUSTRIES SDN BHD,www.procacia.com,Food/Beverages,067339809067339813
532,PROCTER & GAMBLE (MALAYSIA) SDN BHD,www.pg.com,Pharmaceutical/Medical,0377243333
533,PROGRESSIVE INSURANCE BHD,www.progressiveinsurance.com.my,Banking/Insurance,088244216
534,PT TECHNIC (M) SDN BHD,,Construction/Engineering,0358791318
535,PTTEP HK OFFSHORE LIMITED,www.pttep.com,Oil/Gas/Petrochemicals,0321786418
536,PUBLIC BANK BERHAD,www.publicbank.com.my,Banking/Insurance,0321638000
537,PULLMAN PUTRAJAYA LAKESIDE (Idaman Putrajaya Sdn Bhd),www.pullmanputrajaya.com,Hotels/Tourism,0388900000
538,QBE INSURANCE (MALAYSIA) BERHAD,www.qbe.com.my,Banking/Insurance,0378618400
539,QBE INSURANCE (MALAYSIA) BHD – SEBERANG JAYA,www.qbe.com.my,Banking/Insurance,043838222
540,QUANTUM WATER HEATERS SDN BHD,www.ecogen.com.my,Machinery/Equipment,043806333
541,QUEST INTERNATIONAL UNIVERSITY PERAK,www.qiup.edu.my,Education/Training,052490500
542,QUILL INTERIOR HOLDINGS SDN BHD,www.quill.com.my,Property/RealEstate,0379476333
543,R. E. ROGERS (MALAYSIA) SDN BHD,www.rerkul.com.my,Port/Logistics,0355108611
544,RAINBOW STAINED GLASS,www.rainbowsg.com,Non-MetallicManufactures,0137737244
545,RAM HOLDINGS BERHAD,www.ram.com.my,Others(Unspecified),0376281000
546,RANHILL POWERTRON SDN BHD,,Energy/Utilities,088496330
547,RAPISCAN SYSTEMS SDN BHD,www.rapiscansystems.com,Machinery/Equipment,075547770
548,RAS BROTHERS HOLDINGS SDN BHD,,Oil/Gas/Petrochemicals,0362117636
549,RCI LIME SDN BHD,www.rci.com.my,Chemicals/Minerals,053593188
550,RECRON (MALAYSIA) SDN BHD,www.ril.com,Textiles/Garments,0320316000
551,REGENCY SPECIALIST HOSPITAL SDN BHD,www.regencyspecialist.com,Pharmaceutical/Medical,073817700
552,REGUS MANAGEMENT MALAYSIA SDN BHD,www.regus.com.my,Consultancy/BusinessSvcs,0322987196
553,RENUNG JERAS SDN BHD,,Agriculture/Plantations,088236828
554,REPSOL OIL & GAS MALAYSIA (PM3) Limited – SABAH,www.talisman-energy.com,Oil/Gas/Petrochemicals,088487970
555,REPSOL OIL & GAS MALAYSIA LIMITED,www.repsol.com,Oil/Gas/Petrochemicals,0320552888
556,REVERTEX (MALAYSIA) SDN BHD,www.revertex.com.my,Chemicals/Minerals,077731000
557,RHB BANK BERHAD,www.rhbgroup.com,Banking/Insurance,0392807155
558,RIECKERMANN (MALAYSIA) SDN BHD,www.rieckermann.com,Machinery/Equipment,0376609239
559,ROBERT BOSCH (MALAYSIA) SDN BHD,www.bosch.com.my,Automotive,046382261
560,ROBIN CAPITAL SDN BHD,www.robincapital.com,Education/Training,0166647314
561,ROC OIL (SARAWAK) SDN BHD,www.rocoil.com.au,Oil/Gas/Petrochemicals,0327872200
562,ROHAS-EUCO INDUSTRIES BHD,www.rohaseuco.com,Metal Manufactures,0321633900
563,ROMANIA,,Embassy,0321482065
564,RUSSIA,www.malaysia.mid.ru,Embassy,0342560009
565,RUTHERFORD GLOBAL POWER PRODUCTION SDN BHD,www.rutherford.com,Electrical/Electronics,075090668
566,S.B.S.K PLANTATIONS SDN BHD,sbskgroup.com,Agriculture/Plantations,
567,SABAH AIR AVIATION SDN BHD,www.sabahair.com.my,Transport,088484285
568,SABAH DEVELOPMENT BANK BERHAD,www.sabahdevbank.com,Banking/Insurance,088232177
569,SABAH ECONOMIC DEVELOPMENT CORPORATION (SEDCO),www.sabah.gov.my/sedco,Property/RealEstate,088266777
570,SABAH ELECTRICITY SDN BHD,www.sesb.com.my,Energy/Utilities,088282444
571,SABAH ENERGY CORPORATION SDN BHD,www.sabahenergycorp.com,Energy/Utilities,088311373
572,SABAH FOREST INDUSTRIES SDN BHD,,Non-MetallicManufactures,087801018087801393
573,SABAH INTERNATIONAL DAIRIES SDN BHD,,Food/Beverages,088421922088421925
574,SABAH PORTS AUTHORITY,www.lpps.sabah.gov.my/,Consultancy/BusinessSvcs,088538400
575,SABAH SHELL PETROLEUM COMPANY LIMITED,,Oil/Gas/Petrochemicals,088535353
576,SABAH URBAN DEVELOPMENT CORPORATION SDN BHD,www.sudc.com.my,Construction/Engineering,088239145088239146
577,SAFFRON INTEGRATED MARKETING SDN BHD,tokguru.net,Food/Beverages,0355188404
578,SAGAJUTA (SABAH) SDN BHD,www.iborneo.com,Property/RealEstate,088488988
579,SAGAMI MANUFACTURERS SDN BHD,,Non-MetallicManufactures,053669018
580,SAINT-GOBAIN CONSTRUCTION PRODUCTS (MALAYSIA) SDN BHD,www.gyprocmalaysia.com,Non-MetallicManufactures,0331695588
581,SALIENT OUTCOMES,,Consultancy/BusinessSvcs,0123992403
582,SANKYU (MALAYSIA) SDN BHD,www.sankyu.com.my,Transport,0377813911
583,SANTA FE RELOCATION SERVICES SDN BHD,www.santaferelo.com,Others(Unspecified),0378054322
584,SAPURA EXPLORATION AND PRODUCTION (SARAWAK) INC.,http://sapuraenergy.com,Oil/Gas/Petrochemicals,0320901888
585,SARAFIAH NATURAL RESOURCES SDN BHD,www.sarafiahoil.com.my,Food/Beverages,03310128300331013830
586,Sarawak Chamber of Commerce & Industry,,Others(Unspecified),
587,SARAWAK SHELL BERHAD,www.shell.com,Oil/Gas/Petrochemicals,085454600
588,SAUDI ARABIA,www.mofa.gov.sa,Embassy,0342579825
589,SAWIT KINABALU GROUP,,Agriculture/Plantations,088235811
590,SBC CORPORATION BERHAD,www.sbcgroup.com.my,Consultancy/BusinessSvcs,088266336
591,Scenic Kinabalu Sdn Bhd,,Trading(Import/Export),088246404
592,SCHAEFER SYSTEMS INTERNATIONAL SDN BHD,www.ssi-schaefer.sg,Metal Manufactures,077557451
593,SCHENKER LOGISTICS (MALAYSIA) SDN BHD,www.dbschenker.com.my,Port/Logistics,0379497888
594,SCHENKER LOGISTICS (MALAYSIA) SDN BHD – JOHOR,www.dbschenker.com.my,Port/Logistics,075602188
595,SCHENKER LOGISTICS (MALAYSIA) SDN BHD – MALACCA,www.dbschenker.com.my,Port/Logistics,063163658063163428
596,SCHENKER LOGISTICS (MALAYSIA) SDN BHD – PENANG,www.dbschenker.com.my,Port/Logistics,046441795046517000
597,SCHMIDT BIOMEDTECH SDN BHD,www.schmidtbmt.com,Pharmaceutical/Medical,0379577122
598,SCHNEIDER ELECTRIC (MALAYSIA) SDN BHD,www.schneider-electric.com.my,Electrical/Electronics,0378836333
599,SEE SONG & SONS SDN BHD,,Construction/Engineering,
600,SEGAMAT PANEL BOARDS SDN BHD,www.spb.com.my,Rubber/WoodProducts,079279989
601,SEGI COLLEGE (PG) SDN BHD,www.segi.edu.my,Education/Training,042633888
602,SERI ALAM PROPERTIES SDN BHD,http://www.umland.com.my,Property/RealEstate,073881111
603,SGS (MALAYSIA) SDN BHD,www.sgs.com,Consultancy/BusinessSvcs,0320959200
604,SHAMROCK PRECISION (M) SDN BHD,www.shamrockprecision.com.my,Metal Manufactures,075909069
605,SHANG-RI LAÍS RASA SAYANG RESORT & SPA,www.Shangri-La.com,Hotels/Tourism,048888888
606,SHANGRI-LA’S GOLDEN SANDS RESORT,www.Shangri-La.com,Hotels/Tourism,048861911
607,SHANGRI-LA’S RASA RIA RESORT,www.Shangri-La.com,Hotels/Tourism,088792888
608,SHANGRI-LAÍS TANJUNG ARU RESORT & SPA,www.shangri-la.com/tanjungaru,Hotels/Tourism,088327888
609,SHEARN DELAMORE & CO,www.shearndelamore.com,Legal,0320272727
610,SHELL MALAYSIA TRADING SDN BHD,www.shell.com,Oil/Gas/Petrochemicals,0323852888
611,SHELL MALAYSIA TRADING SDN BHD – PENANG,www.shell.com.my,Oil/Gas/Petrochemicals,043315111
612,SHELL TIMUR SDN BHD,,Oil/Gas/Petrochemicals,088535353
613,SHH OIL MILL SDN BHD,,Non-MetallicManufactures,03325012100332593944
614,SHIMANO COMPONENTS (MALAYSIA) SDN BHD,,Others(Unspecified),076991599
615,SIAM CONNECTION SDN BHD,www.siam-connection.com,Consultancy/BusinessSvcs,0379605055
616,SIBELCO MALAYSIA SDN BHD,www.sibelcomalaysia.com,Non-MetallicManufactures,0361442000
617,SICPA PRODUCT SECURITY SDN BHD,www.sicpa.com,Others(Unspecified),0386862525
618,SIDICK GENERAL TRADING (M) SDN BHD,www.sidickgeneraltrading.com,Retail/Wholesale,0321660672
619,SIEMENS MALAYSIA SDN BHD,www.siemens.com.my,Electrical/Electronics,0379525555
620,SIKA KIMIA SDN BHD,www.sika.com,Chemicals/Minerals,067991762
621,SIME DARBY BERHAD (PREMIER MEMBER),www.simedarby.com,Consultancy/BusinessSvcs,60376232000
622,SIME DARBY PLANTATION BERHAD (COMPLIMENTARY),www.simedarby.com,Consultancy/BusinessSvcs,0326914122
623,SINAR PEMBANGUNAN SDN BHD,www.sinarpembangunan.com.my,Property/RealEstate,088254725
624,SINCO AUTOMASI SDN BHD,www.sincoautomasi.com,Electrical/Electronics,072552898
625,SINGAPORE,www.mfa.gov.sg/kl/,Embassy,0321616277
626,SINGAPORE INSTITUTE OF MATERIALS MANAGEMENT **(INTL),www.simm.org.sg,Education/Training,006566531233
627,SINGAPORE TOURISM BOARD MALAYSIA (REPRESENTATIVE OFFICE),www.yoursingapore.com,Hotels/Tourism,0321427133
628,SIPADAN-MABUL RESORT (SABAH) SDN BHD,www.sipadanmabulresort.com,Hotels/Tourism,088486389
629,SKRINE,www.skrine.com,Legal,0320813999
630,SKYBUS VENTURES SDN BHD,www.skybus.com.my,Transport,0362012742
631,SMART READER WORLDWIDE SDN BHD,www.smartreader.edu.my,Education/Training,1300885555
632,SMARTECH INTERNATIONAL SDN BHD,www.smart-hvac.com.my,Machinery/Equipment,0377851388
633,SMC HEALTHCARE SDN BHD,www.sabah.org.my/smc,Pharmaceutical/Medical,088211333
634,SMJ TERATAI SDN BHD,,Consultancy/BusinessSvcs,072448651
635,SMRT HOLDINGS BERHAD,,Consultancy/BusinessSvcs,0322799199
636,SMX GLOBAL SDN BHD,,Trading(Import/Export),0362118862
637,SONGS TRINITY SOLUTIONS SDN BHD,,Others(Unspecified),0342928419
638,SONY EMCS (MALAYSIA) SDN BHD,www.sony.com,Electrical/Electronics,0389257887
639,SONY EMCS (MALAYSIA) SDN BHD – PENANG,,Electrical/Electronics,043836000
640,SOUTH AFRICA,,Embassy,0321688663
641,SOUTH KOREA,,Embassy,0342512336
642,SOUTHERN PLASTIC PRODUCTS SDN BHD,www.sppsb.com.my,Non-MetallicManufactures,043561009
643,SPAIN,,Embassy,0321487300
644,SPHERE EXHIBITS MALAYSIA SDN BHD,www.sphereexhibits.com.my,Others(Unspecified),0379891133
645,SREE KNOWLEDGE PROVIDER SDN BHD,www.skp.my,Education/Training,0378064661
646,SRI LANKA,www.slhc.com.my,Embassy,0342568987
647,ST JUDE MEDICAL OPERATIONS (M) SDN BHD,www.sjm.com,Pharmaceutical/Medical,048101000
648,STANDARD CHARTERED BANK MALAYSIA BERHAD – MIRI,www.standardchartered.com.my,Banking/Insurance,085434944
649,STANDARD CHARTERED BANK MALAYSIA BERHAD (COMPLIMENTARY),www.standardchartered.com.my,Banking/Insurance,0321177563
650,STAUFF SOUTH EAST ASIA SDN BHD,www.stauff.com,Machinery/Equipment,0380246168
651,STERIL AIRE MALAYSIA SDN BHD,www.steril-aire.com,Energy/Utilities,045015200
652,STMICROELECTRONICS SDN BHD,,Metal Manufactures,069566000069521801
653,STRAITS ESTATES SDN BHD,,Others(Unspecified),042263016
654,STRAITS INTERACTIVE SDN BHD,www.straitsinteractive.com,Consultancy/BusinessSvcs,0355182878
655,STRATEL (MALAYSIA) SDN BHD,www.stratel.com.my,Trading(Import/Export),0361571848
656,STRATEQ SYSTEMS SDN BHD,www.strateqgrp.com,ICT/Communications,0464635480376281600
657,SULOMAS SDN BHD,www.sulomas.com.my,Metal Manufactures,0389640666
658,SUN PHARMACEUTICAL SDN BHD,www.sunpharma.com.my,Pharmaceutical/Medical,0327302000
659,SUN VICTORY SDN BHD,kualalumpurmontkiara.house.hyatt.com,Hotels/Tourism,0364198688
660,SUNWAY BERHAD,www.sunway. com.my,Consultancy/BusinessSvcs,0356398889
661,SUNWAY HOTEL SEBERANG JAYA,www.sunwayhotels.com,Hotels/Tourism,043707788
662,SURIA CAPITAL HOLDINGS BERHAD,www.suriagroup.com.my,Consultancy/BusinessSvcs,088257788088256707
663,SURIA INFINITI SDN BHD,,Energy/Utilities,0361435899
664,SUTERA HARBOUR RESORT – SABAH,www.suteraharbour.com,Hotels/Tourism,088308001
665,SWEDEN,www.swedenabroad.com,Embassy,0320522550
666,SWITZERLAND,,Embassy,0321480622
667,SYNGENTA CROP PROTECTION SDN BHD,www.syngenta.com,Chemicals/Minerals,035510987855106878
668,T.A.G MARINE SDN BHD,www.tag-marine.com,Port/Logistics,0355100770
669,TAKASO RUBBER PRODUCTS SDN BHD,www.takaso.com,Rubber/WoodProducts,069510988
670,TANJONG JARA RESORT SDN BHD,www.tanjongjararesort.com,Hotels/Tourism,098451100
671,TAR PH SDN BHD (HOTEL JEN),www.hoteljen.com,Hotels/Tourism,075608888
672,TASCO BERHAD,www.tasco.com.my,Transport,0351018888
673,TASPACK INDUSTRIAL SDN BHD,www.taspackprinting.com.my,Others(Unspecified),078619555
674,TAT HONG PLANT HIRE SDN BHD,www.tathong.com,Machinery/Equipment,0380664688
675,TAY & PARTNERS,www.taypartners.com.my,Legal,0320501888
676,TAY & PARTNERS JOHOR BAHRU OFFICE,www.taypartners.com.my,Legal,073316136
677,TAYLOR’S COLLEGE SDN BHD,www.taylors.edu.my,Education/Training,0356362641
678,TECH-RENTALS (M) SDN BHD,www.techrentals.com.my,Electrical/Electronics,0356141135
679,TEE IP SDN BHD,www.teeip.com,Consultancy/BusinessSvcs,0391712716
680,TEKITAL SDN BHD,greenparkingtekital.com,Others(Unspecified),0342566121
681,TEKNION FURNITURE SYSTEMS (MALAYSIA) SDN BHD,www.teknion.com,Metal Manufactures,0333424345
682,TELE SYSTEM ELECTRONIC (M) SDN BHD,,Electrical/Electronics,0361574990
683,TELEKOM MALAYSIA BERHAD,www.tm.com.my,ICT/Communications,0322401151
684,TENBY SOUTHERN SDN BHD,www.tenby.edu.my,Education/Training,075588812
685,TENTU TEGUH SDN BHD,www.umland.com.my,Property/RealEstate,0320368188
686,TESCO STORES (MALAYSIA) SDN BHD,www.tesco.com.my,Retail/Wholesale,0362875997
687,TETRAMASS AD COMMUNICATIONS SDN BHD,,Media/Advertising,0380232371
688,TEXAS INSTRUMENTS MALAYSIA SDN BHD,www.ti.com,Electrical/Electronics,0342643333
689,TEXMAC SDN BHD,www.unitex.com.sg,Machinery/Equipment,076608525
690,THAILAND,www.thaiembassy.org/kualalumpur,Embassy,0321424601
691,THE ALICE SMITH SCHOOL,alice-smith.edu.my,Education/Training,0395433688
692,THE BANK OF NOVA SCOTIA BERHAD,www.scotiabank.com.my,Banking/Insurance,0320523600
693,THE INTERNATIONAL SCHOOL @ PARKCITY,www.isp.edu.my,Education/Training,0362808880
694,THE INTERNATIONAL SCHOOL OF KUALA LUMPUR,www.iskl.edu.m,Education/Training,6034813500060348135100
695,THE MALAYSIAN CHAMBER OF COMMERCE (HONG KONG & MACAU) LTD ** (INTL),www.mcchkm.com,Consultancy/BusinessSvcs,85229978668
696,THE PUTERI PACIFIC JOHOR BAHRU HOTEL,www.puteripacific.com,Hotels/Tourism,072199999
697,THE ST CHRISTOPHER’S SCHOOL ASSOCIATION,www.scips.org.my,Education/Training,042263589
698,THINK CITY SDN BHD,www.thinkcity.com.my,Others(Unspecified),043136601
699,THISTLE JOHOR BAHRU,www.thistle.com.my,Hotels/Tourism,072229234
700,THOMSON REUTERS MALAYSIA SDN BHD,www.sweetandmaxwellasia.com.my,Legal,0351153000
701,THUMBPRINTS UTD HOLDING SDN BHD,www.thumbprints.com.my,Media/Advertising,0360929809
702,TIA & NOORDIN,www.tiaandnoordin.com,Legal,073516688
703,TIARA LABUAN HOTEL SDN BHD,www.tiaralabuan.com,Hotels/Tourism,087414300
704,TOMEI GOLD & JEWELLERY HOLDINGS (M) SDN BHD,www.tomei.com.my,Metal Manufactures,0377848136
705,TOP GLOVE SDN BHD,www.topglove.com,Rubber/WoodProducts,0333921992
706,TOP GLOVE SDN BHD – PERAK,www.topglove.com,Rubber/WoodProducts,055466360
707,TOP RANGE HOLDINGS SDN BHD,,Machinery/Equipment,0356382522
708,TOR MINERALS (M) SDN BHD,www.torminerals.com,Chemicals/Minerals,053223536
709,TOTAL E & P MALAYSIA,,Oil/Gas/Petrochemicals,0321729000
710,TOTAL IFM SDN BHD,www.tofm.com.my,Consultancy/BusinessSvcs,052921308052921309
711,TOWERS WATSON (M) SDN BHD,www.willistowerswatson.com,Consultancy/BusinessSvcs,0323816700
712,TOYOPLAS MANUFACTURING (MALAYSIA) SDN BHD,www.toyoplas.net,Non-MetallicManufactures,078673108
713,TPM TECHNOPARK SDN BHD,www.tpmtechnopark.com.my,Construction/Engineering,072226922
714,TRANSECURE SOLUTIONS SDN BHD,www.transnational-grp.com,Consultancy/BusinessSvcs,0322732829
715,TRANSTRADE SDN BHD,,Energy/Utilities,
716,TRC GLOBAL SDN BHD,www.taprobaneresources.com,Food/Beverages,0383226761
717,TRISTAR GLOBAL SDN BHD,www.tristarglobal.com.m,Agriculture/Plantations,6037958716679588166
718,TROPICAL SPICE GARDEN SDN BHD,www.tropicalspicegarden.com,Others(Unspecified),048811797
719,TROPICAL TIMBER MARKETING SDN BHD,,Trading(Import/Export),084333211
720,TROPICAL WEALTH SDN BHD,www.asianseniormasters.com,Others(Unspecified),0264699760
721,TROWERS & HAMLINS LLP,www.trowers.com,Legal,0327146200
722,TURKEY,http://kualalumpur.emb.mfa.gov.tr/,Embassy,0342572114
723,TURNER & TOWNSEND SDN BHD,www.turnerandtownsend.com,Consultancy/BusinessSvcs,0322741100
724,UAC BERHAD,www.uac.com.my,Non-MetallicManufactures,0377219393
725,UACJ FOIL MALAYSIA SDN BHD,http://ufo.uacj-group.com,Metal Manufactures,072541901
726,UEM SUNRISE BERHAD,www.silcnusajaya.com,Property/RealEstate,072773700
727,UFS RESOURCES (M) SDN BHD,www.ufsupply.com,Trading(Import/Export),0380819538
728,UHEALTH SDN BHD,www.fieldman.asia,Pharmaceutical/Medical,042288135
729,UKRAINE,,Embassy,0321669552
730,UNIFUJI SDN BHD,,Agriculture/Plantations,056411411
731,UNITATA BERHAD,,Agriculture/Plantations,056411511
732,UNITED ARAB EMIRATES,,Embassy,0342535221
733,UNITED CERTIFICATION SERVICES SDN BHD,www.unicert.co.uk,Consultancy/BusinessSvcs,0327121237
734,UNITED INTERPACK INDUSTRIAL SDN BHD,,Trading(Import/Export),0126836474
735,UNITED OVERSEAS BANK (MALAYSIA) BHD,www.uob.com.my,Banking/Insurance,0327726616
736,UNITED OVERSEAS BANK (MALAYSIA) BHD – PENANG,www.uob.com.my,Banking/Insurance,042588138
737,UNITED STATES OF AMERICA,https://my.usembassy.gov/,Embassy,0321685000
738,UNIVERSITI KEBANGSAAN MALAYSIA,www.ukm.my,Education/Training,0389214529
739,UNIVERSITI MALAYSIA PAHANG,http://gacc.ump.edu.my,Education/Training,094245995
740,UNIVERSITY OF MALAYA (UM),www.um.edu.my,Education/Training,0379677351
741,URUGUAY,,Embassy,0320313669
742,USAHA TEGAS SDN BHD,,Consultancy/BusinessSvcs,0323806688
743,VALE MALAYSIA MINERALS SDN BHD,www.valemalaysia.com,Chemicals/Minerals,056909632056909500
744,VASTIQ SOLUTIONS SDN BHD,,Construction/Engineering,
745,VAT MANUFACTURING MALAYSIA SDN BHD,http://www.vatvalve.com,Machinery/Equipment,045038888
746,VERMI INDUSTRIES SDN BHD,www.vermi.com.my,Food/Beverages,076521619
747,VESCO-MTO (M) SDN BHD,www.vescomto.com.my,Port/Logistics,0380515174
748,VIETNAM,,Embassy,0321484858
749,VISTRA CORPORATE SERVICES (MALAYSIA) SDN BHD,www.vistra.com,Consultancy/BusinessSvcs,072676100
750,VRM BIOLOGIK SDN BHD,www.vrm.co.au,Others(Unspecified),043806332
751,VS INDUSTRY BERHAD,www.vs-i.com,Electrical/Electronics,075993303
752,W R GRACE SPECIALTY CHEMICALS (M) SDN BHD,www.grace.com,Chemicals/Minerals,095847788
753,WAH TUNG SHIPPING CO SDN BHD,www.wahtunggroup.com,Transport,085419733
754,WAHCHIN SDN BHD,,Hotels/Tourism,052406888
755,WARISAN HARTA SABAH SDN BHD,www.warisanharta.com.my,Consultancy/BusinessSvcs,088264000
756,WATANABE METAL INDUSTRIES SDN BHD,,Machinery/Equipment,053661122
757,WB LAND SDN BHD,www.wbland.my,Property/RealEstate,073341172
758,WEIL RESOURCES SDN BHD,www.weilhotel.com,Hotels/Tourism,052082228
759,WESTERN DIGITAL (MALAYSIA) SDN BHD,www.wdc.com,Electrical/Electronics,0376825740
760,WHYTEHOUSE EDUCATION GROUP SDN BHD,,Education/Training,046111285
761,WM PROPERTY MANAGEMENT SDN BHD,www.wahmie.com,Property/RealEstate,088252177
762,WONDERFUL HORIZON SDN BHD,,Agriculture/Plantations,095661931
763,WONG & PARTNERS,www.wongpartners.com,Legal,0322987888
764,WPP MARKETING COMMUNICATIONS (MALAYSIA) SDN BHD,www.ogilvy.com,Media/Advertising,0327188284
765,WSJ INTERNATIONAL SDN BHD,,Trading(Import/Export),0379541118
766,YAMAHA ELECTRONICS MANUFACTURING (M) SDN BHD,www.yamaha.com,Electrical/Electronics,052912111
767,YB IT SDN BHD,,ICT/Communications,0321818611
768,ZENITH MEDIA SDN BHD,www.zenithmalaysia.com,Media/Advertising,0322991212
769,ZERIN PROPERTIES,www.zerinproperties.com,Property/RealEstate,0320922008
